username,points,contributor_type
PotentialClassroom75,59737,quad_rank
FranDavilaR,56012,donut_upvoter
Icy-Order-3200,52188,donut_upvoter
EthTraderCommunity,49631,quad_rank
Obvious-Ad-438,28833,donut_upvoter
Agent_4--7,25264,quad_rank
JeffyJackson101,22845,quad_rank
MicThess,22378,quad_rank
SacredHam00,20462,donut_upvoter
tahiraslam8k,20041,quad_rank
Icy-Order-3200,19945,quad_rank
Same-Row-4665,18602,donut_upvoter
Past-Association9320,17465,donut_upvoter
Lokiee0077,16775,quad_rank
MicThess,16328,donut_upvoter
XpensiveLove,15791,quad_rank
PotentialClassroom75,14468,donut_upvoter
LostMyPPMs,14113,quad_rank
The_Nutcrack,13808,quad_rank
Elon_mkus,13641,donut_upvoter
RightRaisin,13359,quad_rank
Junior_Long_257,13263,quad_rank
FunExpression1858,13229,quad_rank
SxQuadro,13038,quad_rank
Easy-Soup140,12828,quad_rank
TheRock_97,12711,donut_upvoter
raymv1987,12608,donut_upvoter
Agent_4--7,12401,donut_upvoter
Easy-Soup140,12401,donut_upvoter
Elon_mkus,12233,quad_rank
Home-sweet2009,12039,quad_rank
Past-Association9320,11381,quad_rank
Lokiee0077,11058,donut_upvoter
kaleis007,10346,quad_rank
TheRock_97,10332,quad_rank
bzzking,9523,quad_rank
Obvious-Ad-438,7658,quad_rank
ethereum88,7647,donut_upvoter
ozaserey,7623,quad_rank
Junior_Long_257,6924,donut_upvoter
FranDavilaR,6735,quad_rank
International-Fun485,5967,quad_rank
TrashJonny,5943,quad_rank
Big_Beyotch,5812,quad_rank
Live-Scar6163,5684,donut_upvoter
Live-Scar6163,5492,quad_rank
Visible-Ad743,5482,quad_rank
JETTTZOR,5452,quad_rank
raymv1987,5340,quad_rank
Public-Newspaper6975,5155,quad_rank
MostPopularDude,4882,quad_rank
coinmonks,4771,quad_rank
conscious4400,4712,quad_rank
Introvertive_Crawler,4207,quad_rank
alexo12,4183,quad_rank
OkSiriGoogleSucks,4134,donut_upvoter
buyethto10k,3920,quad_rank
johnzander1,3868,quad_rank
Same-Row-4665,3827,quad_rank
kohrts,3745,quad_rank
socalquest,3290,quad_rank
mrtalha786,3272,quad_rank
HealthyStatement8544,3013,quad_rank
Clean_Eyes,2979,quad_rank
Cryptonault,2934,quad_rank
sartoshi_nft,2754,quad_rank
crandalljft,2749,quad_rank
dont_forget_canada,2732,quad_rank
agapowrtg,2551,quad_rank
Livid_Toe_721,2550,quad_rank
cryptopunk661,2462,quad_rank
UsuallyEuphoric,2432,quad_rank
diggipiggi,2350,quad_rank
ghfsigiwaa,2348,quad_rank
Entire_Tree5894,2318,quad_rank
bigmammoth2310,2304,quad_rank
Robert-Kenneth508,2219,quad_rank
devboricha,2212,quad_rank
CryptoCNewsBot,2209,quad_rank
ethereum88,2172,quad_rank
MatthewBell77,2115,quad_rank
killawaspattack,2035,quad_rank
OUI5,1964,donut_upvoter
Skeletonsclique,1890,quad_rank
Acceptable-Sort-8429,1857,quad_rank
RipPsychological2919,1839,quad_rank
Visible-Ad743,1757,donut_upvoter
bitcoinbitches69,1678,quad_rank
MaximalAnarchy,1653,donut_upvoter
Additional-Bug-7537,1579,quad_rank
RayG1991,1566,quad_rank
ballala,1550,donut_upvoter
vesv51,1550,donut_upvoter
abdoureddit457,1537,quad_rank
altrullion98,1447,donut_upvoter
OssieTriplett,1439,quad_rank
cryptobriefing,1435,quad_rank
nagatopinato0910,1431,quad_rank
investold,1416,quad_rank
PsychologicalCost5,1406,quad_rank
SacredHam00,1383,quad_rank
Odunayo20,1329,quad_rank
1SandDollar,1319,quad_rank
silverchai,1297,quad_rank
Mars_chego,1293,quad_rank
KingdomPro,1285,quad_rank
Kindly-Wolf6919,1278,quad_rank
Inevitable_Worker_27,1257,quad_rank
Professional_Let1989,1256,quad_rank
Pleasant_Swan4195,1253,quad_rank
Lee911123,1249,quad_rank
nicosy,1246,quad_rank
UpvoteBeast,1242,quad_rank
No-Willingness9553,1242,quad_rank
SwingContent6806,1240,donut_upvoter
aminok,1233,quad_rank
greenpepperhypernova,1194,quad_rank
BayGanyo_,1185,quad_rank
666CryptoGod420,1114,quad_rank
Sophy0,1083,quad_rank
CDCAPITAL,1059,quad_rank
SauceMaster145,1057,quad_rank
JVHooligan,1041,quad_rank
Mannit578,998,quad_rank
Normal-Republic-4143,951,quad_rank
Samir2298,930,donut_upvoter
altrullion98,897,quad_rank
comfyggs,884,quad_rank
jguyernetshgdfhe,859,quad_rank
Consistent_Ad9128,854,quad_rank
Ashur123,838,quad_rank
OwensKaren,830,quad_rank
RelativeAny2687,828,quad_rank
Weedzone1,827,donut_upvoter
ethpump99,825,quad_rank
MDiffenbakh,816,quad_rank
InevitableComplex895,793,quad_rank
AdReal4844,790,quad_rank
bitdex,786,quad_rank
Accomplished-Catch19,785,quad_rank
Severe_Astronomer_62,769,quad_rank
Michelle552036,762,quad_rank
sumkewldood,759,quad_rank
ForwardBird2621,758,quad_rank
Artificial8Wanderer,756,quad_rank
MADWOKE,753,quad_rank
productboi,744,quad_rank
Ok-Consequence-7926,742,quad_rank
illuviumfever,741,quad_rank
OkSquash6515,734,quad_rank
CryptoKeeper808,705,quad_rank
questioningmoney,705,quad_rank
interweaver,705,quad_rank
tadrogers,705,quad_rank
bundisclosed,705,quad_rank
thefoodboylover,704,quad_rank
abcoathup,704,quad_rank
mandy77882,702,quad_rank
eugenekk,683,quad_rank
Short-Ad-9759,680,quad_rank
Kurv_fn,679,quad_rank
Weedzone1,675,quad_rank
DinaBG,673,quad_rank
Anxious-Map-4059,673,quad_rank
nomorepre,663,quad_rank
Cats_4_Overlords,663,quad_rank
Artistic-Insect9085,663,quad_rank
sandakersmann,663,quad_rank
foodforthoughts1919,663,quad_rank
BasicHistory5020,663,quad_rank
Reasonable-Maybe9067,663,quad_rank
694207hrowaway69420,663,quad_rank
SpiffyBilling,663,quad_rank
Pandora_Key,663,quad_rank
HabileJ_6,641,quad_rank
couchbeerrob,637,quad_rank
SwapzoneIO,634,quad_rank
Thano9,634,quad_rank
loyalcloseness14,634,quad_rank
KanijoAlberto,634,quad_rank
peterhoegir,634,quad_rank
motortugboater,634,quad_rank
Odd_Anxiety_7773,632,quad_rank
Hastyrunner245,593,quad_rank
itscylo,593,quad_rank
LeninDas,593,quad_rank
neglected_phrasing,593,quad_rank
Some_won,593,quad_rank
lofou,593,quad_rank
unicorn_materialised,593,quad_rank
Choice-Many-9550,590,quad_rank
tanhauser_gates_,541,quad_rank
earthtochas3,541,quad_rank
rustedpopcorn,541,quad_rank
gratsias447,541,quad_rank
The_Nutcrack,517,donut_upvoter
Basoosh,517,donut_upvoter
anon43850,486,quad_rank
Suthekingg,413,donut_upvoter
Think_Kale5491,358,quad_rank
Ropex007,297,quad_rank
iantonio_007,272,quad_rank
Downtown_Orange_3717,259,quad_rank
EntertainerOne9137,259,quad_rank
ShotBot,240,quad_rank
VCRdrift,238,quad_rank
teh0wnah,230,quad_rank
SxQuadro,207,donut_upvoter
Jake123194,207,donut_upvoter
kohrts,207,donut_upvoter
naji102,207,donut_upvoter
iantonio_007,207,donut_upvoter
Glass_Pace_2200,181,quad_rank
thecryptos,176,quad_rank
TheDefiantNews,170,quad_rank
CommunicationNo3845,163,quad_rank
bdinu89,159,quad_rank
AlpsNeither,156,quad_rank
Scuderialamonza,156,quad_rank
MrSvantevid,156,quad_rank
uttftytfuyt,154,quad_rank
PoojaaPriyaa,147,quad_rank
Surge-SoCal,147,quad_rank
sebo28091995,147,quad_rank
ShonK_CryptoSamurai,145,quad_rank
RegionAggressive4318,139,quad_rank
TheRipeTomatoFarms,125,quad_rank
yamaboobi1,122,quad_rank
Hollymolly2009,121,quad_rank
Revolutionaryman999,119,quad_rank
HodlCryptonite,119,quad_rank
Infinite_Lecture8070,115,quad_rank
DreadLocksHippie,115,quad_rank
InfluenceMean180,115,quad_rank
Fritz1818,115,quad_rank
Strongest-There-Is,115,quad_rank
Huge-Paint4923,115,quad_rank
cryptbunks,108,quad_rank
Illustrious-Pie8120,106,quad_rank
Famous_Protection_11,106,quad_rank
shitcoining2themoon,105,quad_rank
666CryptoGod420,103,donut_upvoter
RayG1991,103,donut_upvoter
aminok,103,donut_upvoter
ReitHodlr,103,donut_upvoter
PRaching3728,103,donut_upvoter
Hastyrunner245,103,donut_upvoter
Aguaskeepartdeux,103,donut_upvoter
comfyggs,103,donut_upvoter
TrashJonny,103,donut_upvoter
Big-Ad4782,103,donut_upvoter
SadGnome2,98,quad_rank
CommanderTwig,98,quad_rank
ITS_LREI,96,quad_rank
Fortune_Technical,93,quad_rank
FermiGBM,93,quad_rank
thebeastofbitcoin,83,quad_rank
Ambitious_Anaconda,82,quad_rank
bpra93,81,quad_rank
TobiHovey,80,quad_rank
Miningking-100,80,quad_rank
diorear,80,quad_rank
franksfranksfranks,80,quad_rank
guiltlesshonesty_84,80,quad_rank
Pineappl3pizza,80,quad_rank
Iixillc,77,quad_rank
Defiboy,77,quad_rank
chunzitdhfgd,77,quad_rank
BeginningPutter,77,quad_rank
Pandoras_Parabox,77,quad_rank
barham90,69,quad_rank
Own-Funny8210,65,quad_rank
CryptoAddict420,65,quad_rank
Original_Web_7863,65,quad_rank
Das_helle_bier,65,quad_rank
C4-PO,65,quad_rank
naji102,57,quad_rank
0xharambefi,57,quad_rank
seb135,57,quad_rank
web3d3v,57,quad_rank
LifeEdge,57,quad_rank
fbarnea,48,quad_rank
MrCantPlayGuitar,48,quad_rank
Greco_King,48,quad_rank
MathALetics,48,quad_rank
281515,41,quad_rank
ttezeul,41,quad_rank
JacqulineEdmonds,41,quad_rank
ReitHodlr,41,quad_rank
Not_Just_A_Guy,41,quad_rank
Scary-Enthusiasm-575,41,quad_rank
mezthebossguy,41,quad_rank
panickynl,41,quad_rank
Smokyish,41,quad_rank
Wrap_16,41,quad_rank
hamling5587,41,quad_rank
CommonlyExultant,41,quad_rank
EngineeringInitial58,41,quad_rank
akejavel,41,quad_rank
Valuable-Berry74,41,quad_rank
wisdom101,41,quad_rank
Bluelyght,41,quad_rank
Advanced-Heron-3155,41,quad_rank
Shot_Text5135,41,quad_rank
fodes96,41,quad_rank
PotemkinCityLimits,41,quad_rank
WhichCollection,41,quad_rank
Basoosh,41,quad_rank
Xndriu,41,quad_rank
SlowLocality,41,quad_rank
stanley9528,41,quad_rank
No_Lion5173,41,quad_rank
PazUrbina,41,quad_rank
SoheilPakpour,41,quad_rank
madcheddar,41,quad_rank
baerbelleksa,41,quad_rank
Hebydoneexe,41,quad_rank
InflatableGull,41,quad_rank
frozen_notebook,41,quad_rank
crazygrumpy,41,quad_rank
maferase,41,quad_rank
santerv666,41,quad_rank
ledonskim754,41,quad_rank
Fun_Art8013,41,quad_rank
AppleBus,41,quad_rank
TheCurious0ne,41,quad_rank
OptimalBit5,41,quad_rank
diamondbored,41,quad_rank
TheWaterfordLand,41,quad_rank
rob5i,41,quad_rank
bitmediabuzz,41,quad_rank
pegiewegie,41,quad_rank
Competitive_Art5398,41,quad_rank
Brisslatt,41,quad_rank
yokesh351,41,quad_rank
BNieman,41,quad_rank
xtokenchad,41,quad_rank
PlayToWin_NFTS,41,quad_rank
Proud-Discipline9902,41,quad_rank
frog9913,41,quad_rank
Pupulikjan,41,quad_rank
LionsMane220,41,quad_rank
Roy1984,41,quad_rank
Zealousideal-Ad-3303,39,quad_rank
FNG-1775,39,quad_rank
nickfury39,39,quad_rank
blockchainsure,39,quad_rank
AcrobaticBird72,39,quad_rank
nihilistmalware,39,quad_rank
shicwow,39,quad_rank
NFTNewbie27,39,quad_rank
chasedenson,39,quad_rank
Less_Cry292,39,quad_rank
phasE89,39,quad_rank
Next_Armadillo_21,39,quad_rank
parabolic11,39,quad_rank
plankton_gobler,39,quad_rank
jjss36,39,quad_rank
bordoisse,39,quad_rank
jinalva,39,quad_rank
SnooPears847,39,quad_rank
MrComedy325,39,quad_rank